ID,R1_association,R1_edge_weight,R1_concreteness,R2_association,R2_edge_weight,R2_concreteness,R3_association,R3_edge_weight,R3_concreteness,R4_association,R4_edge_weight,R4_concreteness,cue,cue_weight,associations,num_distractors,num_associations,associations_mean_weight,distractors,labels,candidates,candidates_connectivity_score,candidates_connectivity_data,alternative_associations_candidates,cue_associations_str,cue_associations_lst,candidates_connectivity_score_weight,origin_candidates_number
0,pumpkin,44,4.9,candy,34,4.83,costume,23,4.57,,,,halloween,101,"[""pumpkin"", ""candy"", ""costume""]",2,3,33.66666667,"[""troll"", ""pigeon""]","[2, 3, 1]","[""troll"", ""costume"", ""pumpkin"", ""candy"", ""pigeon""]",0,[],[],"['candy', 'costume', 'halloween', 'pumpkin']","['halloween', 'pumpkin', 'candy', 'costume']",1,5
1,salt,29,4.89,snack,21,4.36,bread,10,4.92,mustard,10,4.93,pretzels,86,"[""salt"", ""snack"", ""bread""]",2,3,20,"[""witch"", ""landlord""]","[0, 4, 1]","[""salt"", ""bread"", ""landlord"", ""witch"", ""snack""]",2,"[{'alternative_cue': 'crisps', 'alternative_cue_novel_associations': ['snack', 'salt'], 'num_alternative_cue_novel_associations': 2}, {'alternative_cue': 'grain', 'alternative_cue_novel_associations': ['bread', 'salt'], 'num_alternative_cue_novel_associations': 2}]","[['snack', 'salt'], ['bread', 'salt']]","['bread', 'pretzels', 'salt', 'snack']","['pretzels', 'salt', 'snack', 'bread']",9,5
2,bike,31,5,helmet,29,4.92,biker,11,4.7,road,10,4.75,cyclist,85,"[""bike"", ""helmet"", ""biker""]",2,3,23.66666667,"[""cob"", ""explosion""]","[0, 1, 4]","[""bike"", ""helmet"", ""explosion"", ""cob"", ""biker""]",1,"[{'alternative_cue': 'motorcycle', 'alternative_cue_novel_associations': ['bike', 'helmet'], 'num_alternative_cue_novel_associations': 2}, {'alternative_cue': 'biker', 'alternative_cue_novel_associations': ['bike', 'helmet'], 'num_alternative_cue_novel_associations': 2}, {'alternative_cue': 'cycling', 'alternative_cue_novel_associations': ['bike', 'helmet'], 'num_alternative_cue_novel_associations': 2}]","[['bike', 'helmet']]","['bike', 'biker', 'cyclist', 'helmet']","['cyclist', 'bike', 'helmet', 'biker']",4,5
3,water,48,5,submarine,48,4.8,sink,25,4.74,dive,10,4.03,submerge,121,"[""water"", ""submarine"", ""sink""]",2,3,40.33333333,"[""iris"", ""air""]","[1, 3, 4]","[""air"", ""water"", ""iris"", ""submarine"", ""sink""]",3,"[{'alternative_cue': 'drain', 'alternative_cue_novel_associations': ['sink', 'water'], 'num_alternative_cue_novel_associations': 2}, {'alternative_cue': 'pump', 'alternative_cue_novel_associations': ['air', 'water'], 'num_alternative_cue_novel_associations': 2}, {'alternative_cue': 'filter', 'alternative_cue_novel_associations': ['air', 'water'], 'num_alternative_cue_novel_associations': 2}, {'alternative_cue': 'basin', 'alternative_cue_novel_associations': ['sink', 'water'], 'num_alternative_cue_novel_associations': 2}, {'alternative_cue': 'torpedo', 'alternative_cue_novel_associations': ['submarine', 'water'], 'num_alternative_cue_novel_associations': 2}, {'alternative_cue': 'evaporate', 'alternative_cue_novel_associations': ['air', 'water'], 'num_alternative_cue_novel_associations': 2}, {'alternative_cue': 'faucet', 'alternative_cue_novel_associations': ['sink', 'water'], 'num_alternative_cue_novel_associations': 2}, {'alternative_cue': 'hovercraft', 'alternative_cue_novel_associations': ['air', 'water'], 'num_alternative_cue_novel_associations': 2}, {'alternative_cue': 'plumber', 'alternative_cue_novel_associations': ['sink', 'water'], 'num_alternative_cue_novel_associations': 2}, {'alternative_cue': 'hydrogen', 'alternative_cue_novel_associations': ['air', 'water'], 'num_alternative_cue_novel_associations': 2}, {'alternative_cue': 'immerse', 'alternative_cue_novel_associations': ['sink', 'water'], 'num_alternative_cue_novel_associations': 2}, {'alternative_cue': 'vapor', 'alternative_cue_novel_associations': ['air', 'water'], 'num_alternative_cue_novel_associations': 2}]","[['submarine', 'water'], ['air', 'water'], ['sink', 'water']]","['sink', 'submarine', 'submerge', 'water']","['submerge', 'water', 'submarine', 'sink']",16,5
4,green,34,4.07,bean,26,5,plant,18,4.76,vegetable,13,4.89,sprout,99,"[""green"", ""bean"", ""plant""]",2,3,26,"[""pin"", ""mom""]","[3, 0, 1]","[""bean"", ""plant"", ""pin"", ""green"", ""mom""]",3,"[{'alternative_cue': 'herb', 'alternative_cue_novel_associations': ['green', 'plant'], 'num_alternative_cue_novel_associations': 2}, {'alternative_cue': 'moss', 'alternative_cue_novel_associations': ['green', 'plant'], 'num_alternative_cue_novel_associations': 2}, {'alternative_cue': 'stem', 'alternative_cue_novel_associations': ['green', 'plant'], 'num_alternative_cue_novel_associations': 2}, {'alternative_cue': 'foliage', 'alternative_cue_novel_associations': ['green', 'plant'], 'num_alternative_cue_novel_associations': 2}, {'alternative_cue': 'holly', 'alternative_cue_novel_associations': ['green', 'plant'], 'num_alternative_cue_novel_associations': 2}, {'alternative_cue': 'clover', 'alternative_cue_novel_associations': ['green', 'plant'], 'num_alternative_cue_novel_associations': 2}, {'alternative_cue': 'aloe', 'alternative_cue_novel_associations': ['green', 'plant'], 'num_alternative_cue_novel_associations': 2}, {'alternative_cue': 'cactus', 'alternative_cue_novel_associations': ['green', 'plant'], 'num_alternative_cue_novel_associations': 2}, {'alternative_cue': 'watercress', 'alternative_cue_novel_associations': ['green', 'plant'], 'num_alternative_cue_novel_associations': 2}, {'alternative_cue': 'shrub', 'alternative_cue_novel_associations': ['green', 'plant'], 'num_alternative_cue_novel_associations': 2}, {'alternative_cue': 'fern', 'alternative_cue_novel_associations': ['green', 'plant'], 'num_alternative_cue_novel_associations': 2}, {'alternative_cue': 'basil', 'alternative_cue_novel_associations': ['green', 'plant'], 'num_alternative_cue_novel_associations': 2}, {'alternative_cue': 'stalk', 'alternative_cue_novel_associations': ['bean', 'plant'], 'num_alternative_cue_novel_associations': 2}, {'alternative_cue': 'herbal', 'alternative_cue_novel_associations': ['green', 'plant'], 'num_alternative_cue_novel_associations': 2}, {'alternative_cue': 'bowling', 'alternative_cue_novel_associations': ['green', 'pin'], 'num_alternative_cue_novel_associations': 2}, {'alternative_cue': 'tree', 'alternative_cue_novel_associations': ['green', 'plant'], 'num_alternative_cue_novel_associations': 2}, {'alternative_cue': 'bush', 'alternative_cue_novel_associations': ['green', 'plant'], 'num_alternative_cue_novel_associations': 2}, {'alternative_cue': 'photosynthesis', 'alternative_cue_novel_associations': ['green', 'plant'], 'num_alternative_cue_novel_associations': 2}, {'alternative_cue': 'ivy', 'alternative_cue_novel_associations': ['green', 'plant'], 'num_alternative_cue_novel_associations': 2}, {'alternative_cue': 'vegetation', 'alternative_cue_novel_associations': ['green', 'plant'], 'num_alternative_cue_novel_associations': 2}, {'alternative_cue': 'vines', 'alternative_cue_novel_associations': ['green', 'plant'], 'num_alternative_cue_novel_associations': 2}, {'alternative_cue': 'mint', 'alternative_cue_novel_associations': ['green', 'plant'], 'num_alternative_cue_novel_associations': 2}]","[['green', 'pin'], ['green', 'plant'], ['bean', 'plant']]","['bean', 'green', 'plant', 'sprout']","['sprout', 'green', 'bean', 'plant']",16,5
5,food,66,4.8,kitchen,32,4.97,cupboard,27,4.79,closet,12,4.83,pantry,125,"[""food"", ""kitchen"", ""cupboard""]",2,3,41.66666667,"[""wound"", ""tendon""]","[1, 2, 0]","[""cupboard"", ""food"", ""kitchen"", ""wound"", ""tendon""]",2,"[{'alternative_cue': 'cooking', 'alternative_cue_novel_associations': ['kitchen', 'food'], 'num_alternative_cue_novel_associations': 2}, {'alternative_cue': 'tongs', 'alternative_cue_novel_associations': ['kitchen', 'food'], 'num_alternative_cue_novel_associations': 2}, {'alternative_cue': 'cooked', 'alternative_cue_novel_associations': ['kitchen', 'food'], 'num_alternative_cue_novel_associations': 2}, {'alternative_cue': 'culinary', 'alternative_cue_novel_associations': ['kitchen', 'food'], 'num_alternative_cue_novel_associations': 2}, {'alternative_cue': 'cabinet', 'alternative_cue_novel_associations': ['kitchen', 'cupboard'], 'num_alternative_cue_novel_associations': 2}, {'alternative_cue': 'cook', 'alternative_cue_novel_associations': ['kitchen', 'food'], 'num_alternative_cue_novel_associations': 2}, {'alternative_cue': 'cupboard', 'alternative_cue_novel_associations': ['kitchen', 'food'], 'num_alternative_cue_novel_associations': 2}, {'alternative_cue': 'recipes', 'alternative_cue_novel_associations': ['kitchen', 'food'], 'num_alternative_cue_novel_associations': 2}, {'alternative_cue': 'cookbook', 'alternative_cue_novel_associations': ['kitchen', 'food'], 'num_alternative_cue_novel_associations': 2}, {'alternative_cue': 'blender', 'alternative_cue_novel_associations': ['kitchen', 'food'], 'num_alternative_cue_novel_associations': 2}, {'alternative_cue': 'cuisine', 'alternative_cue_novel_associations': ['kitchen', 'food'], 'num_alternative_cue_novel_associations': 2}, {'alternative_cue': 'fridge', 'alternative_cue_novel_associations': ['kitchen', 'food'], 'num_alternative_cue_novel_associations': 2}, {'alternative_cue': 'chef', 'alternative_cue_novel_associations': ['kitchen', 'food'], 'num_alternative_cue_novel_associations': 2}]","[['kitchen', 'cupboard'], ['kitchen', 'food']]","['cupboard', 'food', 'kitchen', 'pantry']","['pantry', 'food', 'kitchen', 'cupboard']",9,5
6,train,66,4.79,track,29,4.31,car,11,4.89,,,,railroad,114,"[""train"", ""track"", ""car""]",2,3,35.33333333,"[""wheelchair"", ""surgery""]","[1, 0, 2]","[""track"", ""train"", ""car"", ""surgery"", ""wheelchair""]",4,"[{'alternative_cue': 'toot', 'alternative_cue_novel_associations': ['train', 'car'], 'num_alternative_cue_novel_associations': 2}, {'alternative_cue': 'transportation', 'alternative_cue_novel_associations': ['train', 'car'], 'num_alternative_cue_novel_associations': 2}, {'alternative_cue': 'passenger', 'alternative_cue_novel_associations': ['train', 'car'], 'num_alternative_cue_novel_associations': 2}, {'alternative_cue': 'trolley', 'alternative_cue_novel_associations': ['train', 'car'], 'num_alternative_cue_novel_associations': 2}, {'alternative_cue': 'locomotive', 'alternative_cue_novel_associations': ['train', 'car'], 'num_alternative_cue_novel_associations': 2}, {'alternative_cue': 'rail', 'alternative_cue_novel_associations': ['train', 'track'], 'num_alternative_cue_novel_associations': 2}, {'alternative_cue': 'commute', 'alternative_cue_novel_associations': ['train', 'car'], 'num_alternative_cue_novel_associations': 2}, {'alternative_cue': 'tram', 'alternative_cue_novel_associations': ['train', 'car'], 'num_alternative_cue_novel_associations': 2}, {'alternative_cue': 'go-cart', 'alternative_cue_novel_associations': ['track', 'car'], 'num_alternative_cue_novel_associations': 2}, {'alternative_cue': 'transport', 'alternative_cue_novel_associations': ['train', 'car'], 'num_alternative_cue_novel_associations': 2}, {'alternative_cue': 'engine', 'alternative_cue_novel_associations': ['train', 'car'], 'num_alternative_cue_novel_associations': 2}, {'alternative_cue': 'ramp', 'alternative_cue_novel_associations': ['wheelchair', 'car'], 'num_alternative_cue_novel_associations': 2}]","[['track', 'car'], ['train', 'track'], ['wheelchair', 'car'], ['train', 'car']]","['car', 'railroad', 'track', 'train']","['railroad', 'train', 'track', 'car']",25,5
7,plane,34,4.92,bird,31,5,air,16,4.11,sky,13,4.45,flying,88,"[""plane"", ""bird"", ""air""]",2,3,27,"[""mining"", ""athlete""]","[1, 2, 4]","[""mining"", ""plane"", ""bird"", ""athlete"", ""air""]",1,"[{'alternative_cue': 'flew', 'alternative_cue_novel_associations': ['plane', 'bird'], 'num_alternative_cue_novel_associations': 2}, {'alternative_cue': 'wings', 'alternative_cue_novel_associations': ['plane', 'bird'], 'num_alternative_cue_novel_associations': 2}]","[['plane', 'bird']]","['air', 'bird', 'flying', 'plane']","['flying', 'plane', 'bird', 'air']",4,5
8,cheese,49,4.7,food,23,4.8,pie,15,4.92,,,,pizza,101,"[""cheese"", ""food"", ""pie""]",2,3,29,"[""groundhog"", ""drool""]","[4, 0, 3]","[""food"", ""groundhog"", ""drool"", ""pie"", ""cheese""]",4,"[{'alternative_cue': 'hamburgers', 'alternative_cue_novel_associations': ['food', 'cheese'], 'num_alternative_cue_novel_associations': 2}, {'alternative_cue': 'saliva', 'alternative_cue_novel_associations': ['food', 'drool'], 'num_alternative_cue_novel_associations': 2}, {'alternative_cue': 'burger', 'alternative_cue_novel_associations': ['food', 'cheese'], 'num_alternative_cue_novel_associations': 2}, {'alternative_cue': 'enchilada', 'alternative_cue_novel_associations': ['food', 'cheese'], 'num_alternative_cue_novel_associations': 2}, {'alternative_cue': 'omelet', 'alternative_cue_novel_associations': ['food', 'cheese'], 'num_alternative_cue_novel_associations': 2}, {'alternative_cue': 'sandwich', 'alternative_cue_novel_associations': ['food', 'cheese'], 'num_alternative_cue_novel_associations': 2}, {'alternative_cue': 'slice', 'alternative_cue_novel_associations': ['pie', 'cheese'], 'num_alternative_cue_novel_associations': 2}, {'alternative_cue': 'burgers', 'alternative_cue_novel_associations': ['food', 'cheese'], 'num_alternative_cue_novel_associations': 2}, {'alternative_cue': 'lasagna', 'alternative_cue_novel_associations': ['food', 'cheese'], 'num_alternative_cue_novel_associations': 2}, {'alternative_cue': 'hamburger', 'alternative_cue_novel_associations': ['food', 'cheese'], 'num_alternative_cue_novel_associations': 2}, {'alternative_cue': 'filling', 'alternative_cue_novel_associations': ['pie', 'food'], 'num_alternative_cue_novel_associations': 2}, {'alternative_cue': 'macaroni', 'alternative_cue_novel_associations': ['food', 'cheese'], 'num_alternative_cue_novel_associations': 2}]","[['food', 'cheese'], ['food', 'drool'], ['pie', 'cheese'], ['pie', 'food']]","['cheese', 'food', 'pie', 'pizza']","['pizza', 'cheese', 'food', 'pie']",25,5
9,fat,32,4.52,button,28,4.96,tummy,23,4.68,jelly,10,4.93,belly,118,"[""fat"", ""button"", ""tummy""]",2,3,27.66666667,"[""laboratory"", ""magician""]","[1, 2, 4]","[""magician"", ""fat"", ""button"", ""laboratory"", ""tummy""]",0,[],[],"['belly', 'button', 'fat', 'tummy']","['belly', 'fat', 'button', 'tummy']",1,5
10,beer,69,4.88,glass,30,4.82,milk,15,4.92,quart,14,4.57,pint,114,"[""beer"", ""glass"", ""milk""]",2,3,38,"[""swamp"", ""rain""]","[0, 1, 4]","[""beer"", ""glass"", ""swamp"", ""rain"", ""milk""]",5,"[{'alternative_cue': 'bottles', 'alternative_cue_novel_associations': ['glass', 'beer', 'milk'], 'num_alternative_cue_novel_associations': 3}, {'alternative_cue': 'froth', 'alternative_cue_novel_associations': ['beer', 'milk'], 'num_alternative_cue_novel_associations': 2}, {'alternative_cue': 'bottle', 'alternative_cue_novel_associations': ['glass', 'beer'], 'num_alternative_cue_novel_associations': 2}, {'alternative_cue': 'windshield', 'alternative_cue_novel_associations': ['glass', 'rain'], 'num_alternative_cue_novel_associations': 2}, {'alternative_cue': 'condensation', 'alternative_cue_novel_associations': ['glass', 'rain'], 'num_alternative_cue_novel_associations': 2}, {'alternative_cue': 'pour', 'alternative_cue_novel_associations': ['rain', 'milk'], 'num_alternative_cue_novel_associations': 2}, {'alternative_cue': 'malt', 'alternative_cue_novel_associations': ['beer', 'milk'], 'num_alternative_cue_novel_associations': 2}]","[['rain', 'milk'], ['glass', 'beer', 'milk'], ['glass', 'rain'], ['beer', 'milk'], ['glass', 'beer']]","['beer', 'glass', 'milk', 'pint']","['pint', 'beer', 'glass', 'milk']",36,5
11,king,61,4.1,ruler,24,4.66,penguin,17,5,clothes,15,4.76,emperor,102,"[""king"", ""ruler"", ""penguin""]",2,3,34,"[""cobra"", ""notebook""]","[4, 1, 2]","[""cobra"", ""ruler"", ""penguin"", ""notebook"", ""king""]",1,"[{'alternative_cue': 'monarch', 'alternative_cue_novel_associations': ['king', 'ruler'], 'num_alternative_cue_novel_associations': 2}, {'alternative_cue': 'rule', 'alternative_cue_novel_associations': ['king', 'ruler'], 'num_alternative_cue_novel_associations': 2}, {'alternative_cue': 'sovereign', 'alternative_cue_novel_associations': ['king', 'ruler'], 'num_alternative_cue_novel_associations': 2}, {'alternative_cue': 'tyrant', 'alternative_cue_novel_associations': ['king', 'ruler'], 'num_alternative_cue_novel_associations': 2}, {'alternative_cue': 'ruling', 'alternative_cue_novel_associations': ['king', 'ruler'], 'num_alternative_cue_novel_associations': 2}]","[['king', 'ruler']]","['emperor', 'king', 'penguin', 'ruler']","['emperor', 'king', 'ruler', 'penguin']",4,5
12,cheese,31,4.7,ice,29,4.89,hot,17,4.31,chocolate,13,4.72,melted,77,"[""cheese"", ""ice"", ""hot""]",2,3,25.66666667,"[""mitt"", ""bean""]","[1, 2, 3]","[""mitt"", ""cheese"", ""ice"", ""hot"", ""bean""]",3,"[{'alternative_cue': 'melting', 'alternative_cue_novel_associations': ['ice', 'hot', 'cheese'], 'num_alternative_cue_novel_associations': 3}, {'alternative_cue': 'cold', 'alternative_cue_novel_associations': ['ice', 'hot'], 'num_alternative_cue_novel_associations': 2}, {'alternative_cue': 'cocoa', 'alternative_cue_novel_associations': ['hot', 'bean'], 'num_alternative_cue_novel_associations': 2}]","[['ice', 'hot'], ['ice', 'hot', 'cheese'], ['hot', 'bean']]","['cheese', 'hot', 'ice', 'melted']","['melted', 'cheese', 'ice', 'hot']",16,5
13,movie,25,4.59,book,11,4.9,,,,,,,subtitle,60,"[""movie"", ""book""]",3,2,18,"[""sandwich"", ""sunset"", ""pen""]","[2, 3]","[""sunset"", ""sandwich"", ""movie"", ""book"", ""pen""]",4,"[{'alternative_cue': 'notebook', 'alternative_cue_novel_associations': ['movie', 'pen'], 'num_alternative_cue_novel_associations': 2}, {'alternative_cue': 'write', 'alternative_cue_novel_associations': ['pen', 'book'], 'num_alternative_cue_novel_associations': 2}, {'alternative_cue': 'writer', 'alternative_cue_novel_associations': ['pen', 'book'], 'num_alternative_cue_novel_associations': 2}, {'alternative_cue': 'written', 'alternative_cue_novel_associations': ['pen', 'book'], 'num_alternative_cue_novel_associations': 2}, {'alternative_cue': 'hunger games', 'alternative_cue_novel_associations': ['movie', 'book'], 'num_alternative_cue_novel_associations': 2}, {'alternative_cue': 'writing', 'alternative_cue_novel_associations': ['pen', 'book'], 'num_alternative_cue_novel_associations': 2}, {'alternative_cue': 'lord of the rings', 'alternative_cue_novel_associations': ['movie', 'book'], 'num_alternative_cue_novel_associations': 2}, {'alternative_cue': 'genre', 'alternative_cue_novel_associations': ['movie', 'book'], 'num_alternative_cue_novel_associations': 2}, {'alternative_cue': 'thriller', 'alternative_cue_novel_associations': ['movie', 'book'], 'num_alternative_cue_novel_associations': 2}, {'alternative_cue': 'twilight', 'alternative_cue_novel_associations': ['sunset', 'book'], 'num_alternative_cue_novel_associations': 2}]","[['movie', 'book'], ['pen', 'book'], ['movie', 'pen'], ['sunset', 'book']]","['book', 'movie', 'subtitle']","['subtitle', 'movie', 'book']",25,5
14,college,34,4.62,high school,20,4.52,,,,,,,freshman,71,"[""college"", ""high school""]",3,2,27,"[""salsa"", ""monument"", ""gold""]","[2, 4]","[""gold"", ""salsa"", ""college"", ""monument"", ""high school""]",1,"[{'alternative_cue': 'graduate', 'alternative_cue_novel_associations': ['college', 'high school'], 'num_alternative_cue_novel_associations': 2}, {'alternative_cue': 'graduation', 'alternative_cue_novel_associations': ['college', 'high school'], 'num_alternative_cue_novel_associations': 2}, {'alternative_cue': 'diploma', 'alternative_cue_novel_associations': ['college', 'high school'], 'num_alternative_cue_novel_associations': 2}]","[['college', 'high school']]","['college', 'freshman', 'high school']","['freshman', 'college', 'high school']",4,5
15,cat,78,4.86,mustache,11,4.9,,,,,,,whiskers,115,"[""cat"", ""mustache""]",3,2,44.5,"[""diary"", ""waistband"", ""nebula""]","[1, 0]","[""mustache"", ""cat"", ""diary"", ""waistband"", ""nebula""]",0,[],[],"['cat', 'mustache', 'whiskers']","['whiskers', 'cat', 'mustache']",1,5
16,snake,78,5,cat,27,4.86,,,,,,,hiss,123,"[""snake"", ""cat""]",3,2,52.5,"[""limp"", ""stewardess"", ""van""]","[2, 4]","[""stewardess"", ""van"", ""snake"", ""limp"", ""cat""]",0,[],[],"['cat', 'hiss', 'snake']","['hiss', 'snake', 'cat']",1,5
17,book,35,4.9,phone,20,4.86,,,,,,,text,86,"[""book"", ""phone""]",3,2,27.5,"[""toothbrush"", ""lobe"", ""landscape""]","[2, 4]","[""toothbrush"", ""landscape"", ""book"", ""lobe"", ""phone""]",0,[],[],"['book', 'phone', 'text']","['text', 'book', 'phone']",1,5
18,bush,27,4.9,woods,14,4.87,,,,,,,thicket,55,"[""bush"", ""woods""]",3,2,20.5,"[""crane"", ""microscope"", ""van""]","[4, 3]","[""crane"", ""microscope"", ""van"", ""woods"", ""bush""]",0,[],[],"['bush', 'thicket', 'woods']","['thicket', 'bush', 'woods']",1,5
19,snow,75,4.85,mountain,27,4.96,,,,,,,skiing,123,"[""snow"", ""mountain""]",3,2,51,"[""throw up"", ""lottery"", ""rod""]","[3, 2]","[""throw up"", ""lottery"", ""mountain"", ""snow"", ""rod""]",1,"[{'alternative_cue': 'alps', 'alternative_cue_novel_associations': ['mountain', 'snow'], 'num_alternative_cue_novel_associations': 2}, {'alternative_cue': 'snowboard', 'alternative_cue_novel_associations': ['mountain', 'snow'], 'num_alternative_cue_novel_associations': 2}, {'alternative_cue': 'skis', 'alternative_cue_novel_associations': ['mountain', 'snow'], 'num_alternative_cue_novel_associations': 2}, {'alternative_cue': 'alpine', 'alternative_cue_novel_associations': ['mountain', 'snow'], 'num_alternative_cue_novel_associations': 2}]","[['mountain', 'snow']]","['mountain', 'skiing', 'snow']","['skiing', 'snow', 'mountain']",4,5
20,food,56,4.8,freezer,22,4.87,kitchen,12,4.97,ice,10,4.89,fridge,147,"[""food"", ""freezer"", ""kitchen"", ""ice""]",2,4,25,"[""sewing"", ""pool""]","[1, 2, 4, 5]","[""pool"", ""food"", ""freezer"", ""sewing"", ""kitchen"", ""ice""]",4,"[{'alternative_cue': 'refrigerator', 'alternative_cue_novel_associations': ['freezer', 'ice', 'food'], 'num_alternative_cue_novel_associations': 3}, {'alternative_cue': 'chef', 'alternative_cue_novel_associations': ['kitchen', 'food'], 'num_alternative_cue_novel_associations': 2}, {'alternative_cue': 'blender', 'alternative_cue_novel_associations': ['kitchen', 'food'], 'num_alternative_cue_novel_associations': 2}, {'alternative_cue': 'pantry', 'alternative_cue_novel_associations': ['kitchen', 'food'], 'num_alternative_cue_novel_associations': 2}, {'alternative_cue': 'culinary', 'alternative_cue_novel_associations': ['kitchen', 'food'], 'num_alternative_cue_novel_associations': 2}, {'alternative_cue': 'cupboard', 'alternative_cue_novel_associations': ['kitchen', 'food'], 'num_alternative_cue_novel_associations': 2}, {'alternative_cue': 'freeze', 'alternative_cue_novel_associations': ['freezer', 'ice'], 'num_alternative_cue_novel_associations': 2}, {'alternative_cue': 'icebox', 'alternative_cue_novel_associations': ['freezer', 'ice'], 'num_alternative_cue_novel_associations': 2}, {'alternative_cue': 'cooking', 'alternative_cue_novel_associations': ['kitchen', 'food'], 'num_alternative_cue_novel_associations': 2}, {'alternative_cue': 'cookbook', 'alternative_cue_novel_associations': ['kitchen', 'food'], 'num_alternative_cue_novel_associations': 2}, {'alternative_cue': 'cuisine', 'alternative_cue_novel_associations': ['kitchen', 'food'], 'num_alternative_cue_novel_associations': 2}, {'alternative_cue': 'tongs', 'alternative_cue_novel_associations': ['kitchen', 'food'], 'num_alternative_cue_novel_associations': 2}, {'alternative_cue': 'freezer', 'alternative_cue_novel_associations': ['ice', 'food'], 'num_alternative_cue_novel_associations': 2}, {'alternative_cue': 'cook', 'alternative_cue_novel_associations': ['kitchen', 'food'], 'num_alternative_cue_novel_associations': 2}, {'alternative_cue': 'cooked', 'alternative_cue_novel_associations': ['kitchen', 'food'], 'num_alternative_cue_novel_associations': 2}, {'alternative_cue': 'recipes', 'alternative_cue_novel_associations': ['kitchen', 'food'], 'num_alternative_cue_novel_associations': 2}, {'alternative_cue': 'defrost', 'alternative_cue_novel_associations': ['freezer', 'ice'], 'num_alternative_cue_novel_associations': 2}]","[['freezer', 'ice'], ['ice', 'food'], ['kitchen', 'food'], ['freezer', 'ice', 'food']]","['food', 'freezer', 'fridge', 'ice', 'kitchen']","['fridge', 'food', 'freezer', 'kitchen', 'ice']",25,6
21,knight,35,4.79,shield,18,4.66,metal,17,4.87,,,,armor,70,"[""knight"", ""shield"", ""metal""]",3,3,23.33333333,"[""paint"", ""ninja"", ""belt""]","[2, 4, 3]","[""belt"", ""ninja"", ""knight"", ""metal"", ""shield"", ""paint""]",1,"[{'alternative_cue': 'defender', 'alternative_cue_novel_associations': ['knight', 'shield'], 'num_alternative_cue_novel_associations': 2}, {'alternative_cue': 'sword', 'alternative_cue_novel_associations': ['knight', 'shield'], 'num_alternative_cue_novel_associations': 2}]","[['knight', 'shield']]","['armor', 'knight', 'metal', 'shield']","['armor', 'knight', 'shield', 'metal']",4,6
22,money,74,4.54,gold,25,4.81,metal,10,4.87,,,,coins,126,"[""money"", ""gold"", ""metal""]",3,3,36.33333333,"[""length"", ""couch"", ""pickle""]","[4, 5, 3]","[""couch"", ""pickle"", ""length"", ""metal"", ""money"", ""gold""]",3,"[{'alternative_cue': 'loot', 'alternative_cue_novel_associations': ['gold', 'money'], 'num_alternative_cue_novel_associations': 2}, {'alternative_cue': 'bronze', 'alternative_cue_novel_associations': ['gold', 'metal'], 'num_alternative_cue_novel_associations': 2}, {'alternative_cue': 'shiny', 'alternative_cue_novel_associations': ['gold', 'metal'], 'num_alternative_cue_novel_associations': 2}, {'alternative_cue': 'nickel', 'alternative_cue_novel_associations': ['money', 'metal'], 'num_alternative_cue_novel_associations': 2}, {'alternative_cue': 'reward', 'alternative_cue_novel_associations': ['gold', 'money'], 'num_alternative_cue_novel_associations': 2}, {'alternative_cue': 'jackpot', 'alternative_cue_novel_associations': ['gold', 'money'], 'num_alternative_cue_novel_associations': 2}, {'alternative_cue': 'silver', 'alternative_cue_novel_associations': ['gold', 'metal'], 'num_alternative_cue_novel_associations': 2}, {'alternative_cue': 'bling', 'alternative_cue_novel_associations': ['gold', 'money'], 'num_alternative_cue_novel_associations': 2}, {'alternative_cue': 'ore', 'alternative_cue_novel_associations': ['gold', 'metal'], 'num_alternative_cue_novel_associations': 2}, {'alternative_cue': 'platinum', 'alternative_cue_novel_associations': ['gold', 'metal'], 'num_alternative_cue_novel_associations': 2}, {'alternative_cue': 'valuable', 'alternative_cue_novel_associations': ['gold', 'money'], 'num_alternative_cue_novel_associations': 2}, {'alternative_cue': 'riches', 'alternative_cue_novel_associations': ['gold', 'money'], 'num_alternative_cue_novel_associations': 2}]","[['gold', 'metal'], ['money', 'metal'], ['gold', 'money']]","['coins', 'gold', 'metal', 'money']","['coins', 'money', 'gold', 'metal']",16,6
23,teeth,86,4.96,mouth,29,4.74,dentist,11,4.93,,,,gums,134,"[""teeth"", ""mouth"", ""dentist""]",3,3,42,"[""dogs"", ""slip"", ""circus""]","[1, 3, 5]","[""circus"", ""teeth"", ""dogs"", ""mouth"", ""slip"", ""dentist""]",3,"[{'alternative_cue': 'smiling', 'alternative_cue_novel_associations': ['teeth', 'mouth'], 'num_alternative_cue_novel_associations': 2}, {'alternative_cue': 'lip', 'alternative_cue_novel_associations': ['teeth', 'mouth'], 'num_alternative_cue_novel_associations': 2}, {'alternative_cue': 'tongue', 'alternative_cue_novel_associations': ['teeth', 'mouth'], 'num_alternative_cue_novel_associations': 2}, {'alternative_cue': 'chew', 'alternative_cue_novel_associations': ['teeth', 'mouth'], 'num_alternative_cue_novel_associations': 2}, {'alternative_cue': 'retainer', 'alternative_cue_novel_associations': ['teeth', 'mouth'], 'num_alternative_cue_novel_associations': 2}, {'alternative_cue': 'teeth', 'alternative_cue_novel_associations': ['mouth', 'dentist'], 'num_alternative_cue_novel_associations': 2}, {'alternative_cue': 'plaque', 'alternative_cue_novel_associations': ['teeth', 'dentist'], 'num_alternative_cue_novel_associations': 2}, {'alternative_cue': 'floss', 'alternative_cue_novel_associations': ['teeth', 'dentist'], 'num_alternative_cue_novel_associations': 2}, {'alternative_cue': 'jaw', 'alternative_cue_novel_associations': ['teeth', 'mouth'], 'num_alternative_cue_novel_associations': 2}, {'alternative_cue': 'jaws', 'alternative_cue_novel_associations': ['teeth', 'mouth'], 'num_alternative_cue_novel_associations': 2}, {'alternative_cue': 'chewing', 'alternative_cue_novel_associations': ['teeth', 'mouth'], 'num_alternative_cue_novel_associations': 2}, {'alternative_cue': 'oral', 'alternative_cue_novel_associations': ['teeth', 'mouth'], 'num_alternative_cue_novel_associations': 2}, {'alternative_cue': 'tooth', 'alternative_cue_novel_associations': ['mouth', 'dentist'], 'num_alternative_cue_novel_associations': 2}, {'alternative_cue': 'smile', 'alternative_cue_novel_associations': ['teeth', 'mouth'], 'num_alternative_cue_novel_associations': 2}, {'alternative_cue': 'cavity', 'alternative_cue_novel_associations': ['teeth', 'dentist'], 'num_alternative_cue_novel_associations': 2}, {'alternative_cue': 'bite', 'alternative_cue_novel_associations': ['teeth', 'mouth'], 'num_alternative_cue_novel_associations': 2}, {'alternative_cue': 'orthodontist', 'alternative_cue_novel_associations': ['teeth', 'dentist'], 'num_alternative_cue_novel_associations': 2}, {'alternative_cue': 'dental', 'alternative_cue_novel_associations': ['teeth', 'dentist'], 'num_alternative_cue_novel_associations': 2}, {'alternative_cue': 'toothbrush', 'alternative_cue_novel_associations': ['teeth', 'dentist'], 'num_alternative_cue_novel_associations': 2}]","[['teeth', 'mouth'], ['mouth', 'dentist'], ['teeth', 'dentist']]","['dentist', 'gums', 'mouth', 'teeth']","['gums', 'teeth', 'mouth', 'dentist']",16,6
24,mirror,79,4.97,water,21,5,pond,10,4.9,,,,reflection,118,"[""mirror"", ""water"", ""pond""]",3,3,36.66666667,"[""vitamin"", ""snot"", ""eating""]","[0, 5, 2]","[""mirror"", ""snot"", ""pond"", ""vitamin"", ""eating"", ""water""]",3,"[{'alternative_cue': 'glass', 'alternative_cue_novel_associations': ['mirror', 'water'], 'num_alternative_cue_novel_associations': 2}, {'alternative_cue': 'reflective', 'alternative_cue_novel_associations': ['mirror', 'water'], 'num_alternative_cue_novel_associations': 2}, {'alternative_cue': 'stagnant', 'alternative_cue_novel_associations': ['pond', 'water'], 'num_alternative_cue_novel_associations': 2}, {'alternative_cue': 'mineral', 'alternative_cue_novel_associations': ['vitamin', 'water'], 'num_alternative_cue_novel_associations': 2}, {'alternative_cue': 'reflect', 'alternative_cue_novel_associations': ['mirror', 'water'], 'num_alternative_cue_novel_associations': 2}, {'alternative_cue': 'tadpole', 'alternative_cue_novel_associations': ['pond', 'water'], 'num_alternative_cue_novel_associations': 2}, {'alternative_cue': 'algae', 'alternative_cue_novel_associations': ['pond', 'water'], 'num_alternative_cue_novel_associations': 2}, {'alternative_cue': 'lake', 'alternative_cue_novel_associations': ['pond', 'water'], 'num_alternative_cue_novel_associations': 2}, {'alternative_cue': 'ducks', 'alternative_cue_novel_associations': ['pond', 'water'], 'num_alternative_cue_novel_associations': 2}]","[['pond', 'water'], ['vitamin', 'water'], ['mirror', 'water']]","['mirror', 'pond', 'reflection', 'water']","['reflection', 'mirror', 'water', 'pond']",16,6
25,lizard,42,4.68,fire,15,4.68,newt,14,4.17,,,,salamander,73,"[""lizard"", ""fire"", ""newt""]",3,3,23.66666667,"[""arc"", ""pat"", ""horn""]","[5, 4, 3]","[""pat"", ""arc"", ""horn"", ""newt"", ""fire"", ""lizard""]",1,"[{'alternative_cue': 'amphibian', 'alternative_cue_novel_associations': ['newt', 'lizard'], 'num_alternative_cue_novel_associations': 2}]","[['newt', 'lizard']]","['fire', 'lizard', 'newt', 'salamander']","['salamander', 'lizard', 'fire', 'newt']",4,6
26,card,60,4.9,money,24,4.54,bank,13,4.78,,,,credit,97,"[""card"", ""money"", ""bank""]",3,3,32.33333333,"[""musician"", ""ski"", ""gallery""]","[5, 4, 3]","[""musician"", ""gallery"", ""ski"", ""bank"", ""money"", ""card""]",3,"[{'alternative_cue': 'debit', 'alternative_cue_novel_associations': ['card', 'money', 'bank'], 'num_alternative_cue_novel_associations': 3}, {'alternative_cue': 'account', 'alternative_cue_novel_associations': ['money', 'bank'], 'num_alternative_cue_novel_associations': 2}, {'alternative_cue': 'mortgage', 'alternative_cue_novel_associations': ['money', 'bank'], 'num_alternative_cue_novel_associations': 2}, {'alternative_cue': 'finance', 'alternative_cue_novel_associations': ['money', 'bank'], 'num_alternative_cue_novel_associations': 2}, {'alternative_cue': 'finances', 'alternative_cue_novel_associations': ['money', 'bank'], 'num_alternative_cue_novel_associations': 2}, {'alternative_cue': 'debit card', 'alternative_cue_novel_associations': ['money', 'bank'], 'num_alternative_cue_novel_associations': 2}, {'alternative_cue': 'transaction', 'alternative_cue_novel_associations': ['money', 'bank'], 'num_alternative_cue_novel_associations': 2}, {'alternative_cue': 'payment', 'alternative_cue_novel_associations': ['money', 'bank'], 'num_alternative_cue_novel_associations': 2}, {'alternative_cue': 'banker', 'alternative_cue_novel_associations': ['money', 'bank'], 'num_alternative_cue_novel_associations': 2}, {'alternative_cue': 'fund', 'alternative_cue_novel_associations': ['money', 'bank'], 'num_alternative_cue_novel_associations': 2}, {'alternative_cue': 'charge', 'alternative_cue_novel_associations': ['card', 'money'], 'num_alternative_cue_novel_associations': 2}, {'alternative_cue': 'credit card', 'alternative_cue_novel_associations': ['money', 'bank'], 'num_alternative_cue_novel_associations': 2}, {'alternative_cue': 'savings', 'alternative_cue_novel_associations': ['money', 'bank'], 'num_alternative_cue_novel_associations': 2}, {'alternative_cue': 'saving', 'alternative_cue_novel_associations': ['money', 'bank'], 'num_alternative_cue_novel_associations': 2}, {'alternative_cue': 'teller', 'alternative_cue_novel_associations': ['money', 'bank'], 'num_alternative_cue_novel_associations': 2}, {'alternative_cue': 'loan', 'alternative_cue_novel_associations': ['money', 'bank'], 'num_alternative_cue_novel_associations': 2}, {'alternative_cue': 'checkbook', 'alternative_cue_novel_associations': ['money', 'bank'], 'num_alternative_cue_novel_associations': 2}, {'alternative_cue': 'vault', 'alternative_cue_novel_associations': ['money', 'bank'], 'num_alternative_cue_novel_associations': 2}, {'alternative_cue': 'monetary', 'alternative_cue_novel_associations': ['money', 'bank'], 'num_alternative_cue_novel_associations': 2}, {'alternative_cue': 'funds', 'alternative_cue_novel_associations': ['money', 'bank'], 'num_alternative_cue_novel_associations': 2}, {'alternative_cue': 'financial', 'alternative_cue_novel_associations': ['money', 'bank'], 'num_alternative_cue_novel_associations': 2}, {'alternative_cue': 'invest', 'alternative_cue_novel_associations': ['money', 'bank'], 'num_alternative_cue_novel_associations': 2}, {'alternative_cue': 'robber', 'alternative_cue_novel_associations': ['money', 'bank'], 'num_alternative_cue_novel_associations': 2}, {'alternative_cue': 'paycheck', 'alternative_cue_novel_associations': ['money', 'bank'], 'num_alternative_cue_novel_associations': 2}, {'alternative_cue': 'broker', 'alternative_cue_novel_associations': ['money', 'bank'], 'num_alternative_cue_novel_associations': 2}, {'alternative_cue': 'saver', 'alternative_cue_novel_associations': ['money', 'bank'], 'num_alternative_cue_novel_associations': 2}, {'alternative_cue': 'deposit', 'alternative_cue_novel_associations': ['money', 'bank'], 'num_alternative_cue_novel_associations': 2}, {'alternative_cue': 'checking', 'alternative_cue_novel_associations': ['money', 'bank'], 'num_alternative_cue_novel_associations': 2}, {'alternative_cue': 'robbery', 'alternative_cue_novel_associations': ['money', 'bank'], 'num_alternative_cue_novel_associations': 2}, {'alternative_cue': 'bankrupt', 'alternative_cue_novel_associations': ['money', 'bank'], 'num_alternative_cue_novel_associations': 2}, {'alternative_cue': 'debt', 'alternative_cue_novel_associations': ['money', 'bank'], 'num_alternative_cue_novel_associations': 2}, {'alternative_cue': 'cheque', 'alternative_cue_novel_associations': ['money', 'bank'], 'num_alternative_cue_novel_associations': 2}, {'alternative_cue': 'investment', 'alternative_cue_novel_associations': ['money', 'bank'], 'num_alternative_cue_novel_associations': 2}, {'alternative_cue': 'withdrawal', 'alternative_cue_novel_associations': ['money', 'bank'], 'num_alternative_cue_novel_associations': 2}]","[['card', 'money', 'bank'], ['money', 'bank'], ['card', 'money']]","['bank', 'card', 'credit', 'money']","['credit', 'card', 'money', 'bank']",16,6
27,bush,38,4.9,green,19,4.07,garden,18,4.73,,,,shrubbery,80,"[""bush"", ""green"", ""garden""]",3,3,25,"[""olive"", ""group"", ""letter""]","[4, 2, 1]","[""letter"", ""garden"", ""green"", ""olive"", ""bush"", ""group""]",3,"[{'alternative_cue': 'shrubs', 'alternative_cue_novel_associations': ['garden', 'green', 'bush'], 'num_alternative_cue_novel_associations': 3}, {'alternative_cue': 'shrub', 'alternative_cue_novel_associations': ['garden', 'green', 'bush'], 'num_alternative_cue_novel_associations': 3}, {'alternative_cue': 'hedge', 'alternative_cue_novel_associations': ['green', 'bush'], 'num_alternative_cue_novel_associations': 2}, {'alternative_cue': 'gardener', 'alternative_cue_novel_associations': ['garden', 'green'], 'num_alternative_cue_novel_associations': 2}, {'alternative_cue': 'weeds', 'alternative_cue_novel_associations': ['garden', 'green'], 'num_alternative_cue_novel_associations': 2}, {'alternative_cue': 'herb', 'alternative_cue_novel_associations': ['garden', 'green'], 'num_alternative_cue_novel_associations': 2}, {'alternative_cue': 'lawn mower', 'alternative_cue_novel_associations': ['garden', 'green'], 'num_alternative_cue_novel_associations': 2}, {'alternative_cue': 'plants', 'alternative_cue_novel_associations': ['garden', 'green'], 'num_alternative_cue_novel_associations': 2}]","[['garden', 'green', 'bush'], ['garden', 'green'], ['green', 'bush']]","['bush', 'garden', 'green', 'shrubbery']","['shrubbery', 'bush', 'green', 'garden']",16,6
28,mushroom,72,4.83,mold,31,4.85,green,13,4.07,,,,fungus,116,"[""mushroom"", ""mold"", ""green""]",3,3,38.66666667,"[""water"", ""nod"", ""lizard""]","[4, 1, 5]","[""water"", ""mold"", ""nod"", ""lizard"", ""mushroom"", ""green""]",5,"[{'alternative_cue': 'mildew', 'alternative_cue_novel_associations': ['green', 'mold'], 'num_alternative_cue_novel_associations': 2}, {'alternative_cue': 'algae', 'alternative_cue_novel_associations': ['green', 'water'], 'num_alternative_cue_novel_associations': 2}, {'alternative_cue': 'reptiles', 'alternative_cue_novel_associations': ['green', 'lizard'], 'num_alternative_cue_novel_associations': 2}, {'alternative_cue': 'bottles', 'alternative_cue_novel_associations': ['green', 'water'], 'num_alternative_cue_novel_associations': 2}, {'alternative_cue': 'gecko', 'alternative_cue_novel_associations': ['green', 'lizard'], 'num_alternative_cue_novel_associations': 2}, {'alternative_cue': 'amphibian', 'alternative_cue_novel_associations': ['lizard', 'water'], 'num_alternative_cue_novel_associations': 2}, {'alternative_cue': 'chameleon', 'alternative_cue_novel_associations': ['green', 'lizard'], 'num_alternative_cue_novel_associations': 2}, {'alternative_cue': 'earth', 'alternative_cue_novel_associations': ['green', 'water'], 'num_alternative_cue_novel_associations': 2}, {'alternative_cue': 'fungi', 'alternative_cue_novel_associations': ['mushroom', 'mold'], 'num_alternative_cue_novel_associations': 2}, {'alternative_cue': 'iguana', 'alternative_cue_novel_associations': ['green', 'lizard'], 'num_alternative_cue_novel_associations': 2}, {'alternative_cue': 'slime', 'alternative_cue_novel_associations': ['green', 'mold'], 'num_alternative_cue_novel_associations': 2}]","[['green', 'water'], ['green', 'mold'], ['green', 'lizard'], ['lizard', 'water'], ['mushroom', 'mold']]","['fungus', 'green', 'mold', 'mushroom']","['fungus', 'mushroom', 'mold', 'green']",36,6
29,dirt,20,4.86,ink,20,4.56,dirty,10,4.23,,,,smudge,67,"[""dirt"", ""ink"", ""dirty""]",3,3,16.66666667,"[""ram"", ""quarter"", ""arachnid""]","[4, 1, 0]","[""dirty"", ""ink"", ""quarter"", ""ram"", ""dirt"", ""arachnid""]",1,"[{'alternative_cue': 'gritty', 'alternative_cue_novel_associations': ['dirty', 'dirt'], 'num_alternative_cue_novel_associations': 2}, {'alternative_cue': 'muck', 'alternative_cue_novel_associations': ['dirty', 'dirt'], 'num_alternative_cue_novel_associations': 2}, {'alternative_cue': 'soil', 'alternative_cue_novel_associations': ['dirty', 'dirt'], 'num_alternative_cue_novel_associations': 2}, {'alternative_cue': 'grime', 'alternative_cue_novel_associations': ['dirty', 'dirt'], 'num_alternative_cue_novel_associations': 2}, {'alternative_cue': 'grunge', 'alternative_cue_novel_associations': ['dirty', 'dirt'], 'num_alternative_cue_novel_associations': 2}, {'alternative_cue': 'mud', 'alternative_cue_novel_associations': ['dirty', 'dirt'], 'num_alternative_cue_novel_associations': 2}, {'alternative_cue': 'scum', 'alternative_cue_novel_associations': ['dirty', 'dirt'], 'num_alternative_cue_novel_associations': 2}, {'alternative_cue': 'filth', 'alternative_cue_novel_associations': ['dirty', 'dirt'], 'num_alternative_cue_novel_associations': 2}, {'alternative_cue': 'dust', 'alternative_cue_novel_associations': ['dirty', 'dirt'], 'num_alternative_cue_novel_associations': 2}, {'alternative_cue': 'soot', 'alternative_cue_novel_associations': ['dirty', 'dirt'], 'num_alternative_cue_novel_associations': 2}]","[['dirty', 'dirt']]","['dirt', 'dirty', 'ink', 'smudge']","['smudge', 'dirt', 'ink', 'dirty']",4,6
30,clock,33,5,bug,30,5,insect,13,4.89,,,,tick,107,"[""clock"", ""bug"", ""insect""]",3,3,25.33333333,"[""jacket"", ""wrench"", ""woodwind""]","[1, 3, 0]","[""insect"", ""clock"", ""woodwind"", ""bug"", ""jacket"", ""wrench""]",1,"[{'alternative_cue': 'critter', 'alternative_cue_novel_associations': ['bug', 'insect'], 'num_alternative_cue_novel_associations': 2}, {'alternative_cue': 'pest', 'alternative_cue_novel_associations': ['bug', 'insect'], 'num_alternative_cue_novel_associations': 2}, {'alternative_cue': 'grasshopper', 'alternative_cue_novel_associations': ['bug', 'insect'], 'num_alternative_cue_novel_associations': 2}, {'alternative_cue': 'firefly', 'alternative_cue_novel_associations': ['bug', 'insect'], 'num_alternative_cue_novel_associations': 2}, {'alternative_cue': 'dragonfly', 'alternative_cue_novel_associations': ['bug', 'insect'], 'num_alternative_cue_novel_associations': 2}, {'alternative_cue': 'moth', 'alternative_cue_novel_associations': ['bug', 'insect'], 'num_alternative_cue_novel_associations': 2}, {'alternative_cue': 'cricket', 'alternative_cue_novel_associations': ['bug', 'insect'], 'num_alternative_cue_novel_associations': 2}, {'alternative_cue': 'flea', 'alternative_cue_novel_associations': ['bug', 'insect'], 'num_alternative_cue_novel_associations': 2}, {'alternative_cue': 'horsefly', 'alternative_cue_novel_associations': ['bug', 'insect'], 'num_alternative_cue_novel_associations': 2}, {'alternative_cue': 'centipede', 'alternative_cue_novel_associations': ['bug', 'insect'], 'num_alternative_cue_novel_associations': 2}, {'alternative_cue': 'beetle', 'alternative_cue_novel_associations': ['bug', 'insect'], 'num_alternative_cue_novel_associations': 2}, {'alternative_cue': 'roach', 'alternative_cue_novel_associations': ['bug', 'insect'], 'num_alternative_cue_novel_associations': 2}, {'alternative_cue': 'termite', 'alternative_cue_novel_associations': ['bug', 'insect'], 'num_alternative_cue_novel_associations': 2}, {'alternative_cue': 'mosquito', 'alternative_cue_novel_associations': ['bug', 'insect'], 'num_alternative_cue_novel_associations': 2}, {'alternative_cue': 'crawly', 'alternative_cue_novel_associations': ['bug', 'insect'], 'num_alternative_cue_novel_associations': 2}, {'alternative_cue': 'exoskeleton', 'alternative_cue_novel_associations': ['bug', 'insect'], 'num_alternative_cue_novel_associations': 2}, {'alternative_cue': 'ladybug', 'alternative_cue_novel_associations': ['bug', 'insect'], 'num_alternative_cue_novel_associations': 2}, {'alternative_cue': 'ladybird', 'alternative_cue_novel_associations': ['bug', 'insect'], 'num_alternative_cue_novel_associations': 2}, {'alternative_cue': 'ant', 'alternative_cue_novel_associations': ['bug', 'insect'], 'num_alternative_cue_novel_associations': 2}, {'alternative_cue': 'cockroach', 'alternative_cue_novel_associations': ['bug', 'insect'], 'num_alternative_cue_novel_associations': 2}, {'alternative_cue': 'antenna', 'alternative_cue_novel_associations': ['bug', 'insect'], 'num_alternative_cue_novel_associations': 2}, {'alternative_cue': 'mite', 'alternative_cue_novel_associations': ['bug', 'insect'], 'num_alternative_cue_novel_associations': 2}, {'alternative_cue': 'fly', 'alternative_cue_novel_associations': ['bug', 'insect'], 'num_alternative_cue_novel_associations': 2}, {'alternative_cue': 'caterpillar', 'alternative_cue_novel_associations': ['bug', 'insect'], 'num_alternative_cue_novel_associations': 2}, {'alternative_cue': 'earwig', 'alternative_cue_novel_associations': ['bug', 'insect'], 'num_alternative_cue_novel_associations': 2}]","[['bug', 'insect']]","['bug', 'clock', 'insect', 'tick']","['tick', 'clock', 'bug', 'insect']",4,6
31,parade,49,4.54,line,21,4.5,march,12,4.03,,,,procession,102,"[""parade"", ""line"", ""march""]",3,3,27.33333333,"[""guacamole"", ""list"", ""opera""]","[1, 0, 4]","[""line"", ""parade"", ""guacamole"", ""opera"", ""march"", ""list""]",0,[],[],"['line', 'march', 'parade', 'procession']","['procession', 'parade', 'line', 'march']",1,6
32,church,20,4.9,bible,18,4.61,,,,,,,evangelical,75,"[""church"", ""bible""]",4,2,19,"[""bullseye"", ""waterfall"", ""steakhouse"", ""toaster""]","[1, 5]","[""steakhouse"", ""church"", ""toaster"", ""waterfall"", ""bullseye"", ""bible""]",1,"[{'alternative_cue': 'apostle', 'alternative_cue_novel_associations': ['church', 'bible'], 'num_alternative_cue_novel_associations': 2}, {'alternative_cue': 'christian', 'alternative_cue_novel_associations': ['church', 'bible'], 'num_alternative_cue_novel_associations': 2}, {'alternative_cue': 'gospel', 'alternative_cue_novel_associations': ['church', 'bible'], 'num_alternative_cue_novel_associations': 2}, {'alternative_cue': 'psalm', 'alternative_cue_novel_associations': ['church', 'bible'], 'num_alternative_cue_novel_associations': 2}, {'alternative_cue': 'sinner', 'alternative_cue_novel_associations': ['church', 'bible'], 'num_alternative_cue_novel_associations': 2}]","[['church', 'bible']]","['bible', 'church', 'evangelical']","['evangelical', 'church', 'bible']",4,6
33,baby,23,5,tear,12,4.56,,,,,,,cry,112,"[""baby"", ""tear""]",4,2,17.5,"[""mall"", ""polish"", ""punch"", ""taxi""]","[5, 0]","[""tear"", ""punch"", ""taxi"", ""polish"", ""mall"", ""baby""]",0,[],[],"['baby', 'cry', 'tear']","['cry', 'baby', 'tear']",1,6
34,brown,20,4.48,woods,12,4.87,,,,,,,bears,45,"[""brown"", ""woods""]",4,2,16,"[""surf"", ""river"", ""gal"", ""bin""]","[1, 2]","[""gal"", ""brown"", ""woods"", ""river"", ""bin"", ""surf""]",0,[],[],"['bears', 'brown', 'woods']","['bears', 'brown', 'woods']",1,6
35,sleep,29,4.44,bed,17,5,,,,,,,wake,86,"[""sleep"", ""bed""]",4,2,23,"[""packaging"", ""window"", ""television"", ""mammoth""]","[3, 0]","[""bed"", ""window"", ""mammoth"", ""sleep"", ""television"", ""packaging""]",1,"[{'alternative_cue': 'duvet', 'alternative_cue_novel_associations': ['sleep', 'bed'], 'num_alternative_cue_novel_associations': 2}, {'alternative_cue': 'nap', 'alternative_cue_novel_associations': ['sleep', 'bed'], 'num_alternative_cue_novel_associations': 2}, {'alternative_cue': 'slumber', 'alternative_cue_novel_associations': ['sleep', 'bed'], 'num_alternative_cue_novel_associations': 2}, {'alternative_cue': 'lay', 'alternative_cue_novel_associations': ['sleep', 'bed'], 'num_alternative_cue_novel_associations': 2}, {'alternative_cue': 'tired', 'alternative_cue_novel_associations': ['sleep', 'bed'], 'num_alternative_cue_novel_associations': 2}, {'alternative_cue': 'mattress', 'alternative_cue_novel_associations': ['sleep', 'bed'], 'num_alternative_cue_novel_associations': 2}, {'alternative_cue': 'bedroom', 'alternative_cue_novel_associations': ['sleep', 'bed'], 'num_alternative_cue_novel_associations': 2}, {'alternative_cue': 'nighttime', 'alternative_cue_novel_associations': ['sleep', 'bed'], 'num_alternative_cue_novel_associations': 2}, {'alternative_cue': 'resting', 'alternative_cue_novel_associations': ['sleep', 'bed'], 'num_alternative_cue_novel_associations': 2}, {'alternative_cue': 'hotel', 'alternative_cue_novel_associations': ['sleep', 'bed'], 'num_alternative_cue_novel_associations': 2}, {'alternative_cue': 'dormitory', 'alternative_cue_novel_associations': ['sleep', 'bed'], 'num_alternative_cue_novel_associations': 2}, {'alternative_cue': 'bunk', 'alternative_cue_novel_associations': ['sleep', 'bed'], 'num_alternative_cue_novel_associations': 2}, {'alternative_cue': 'tiredness', 'alternative_cue_novel_associations': ['sleep', 'bed'], 'num_alternative_cue_novel_associations': 2}, {'alternative_cue': 'dorm', 'alternative_cue_novel_associations': ['sleep', 'bed'], 'num_alternative_cue_novel_associations': 2}, {'alternative_cue': 'pillow', 'alternative_cue_novel_associations': ['sleep', 'bed'], 'num_alternative_cue_novel_associations': 2}, {'alternative_cue': 'motel', 'alternative_cue_novel_associations': ['sleep', 'bed'], 'num_alternative_cue_novel_associations': 2}, {'alternative_cue': 'cot', 'alternative_cue_novel_associations': ['sleep', 'bed'], 'num_alternative_cue_novel_associations': 2}, {'alternative_cue': 'bedtime', 'alternative_cue_novel_associations': ['sleep', 'bed'], 'num_alternative_cue_novel_associations': 2}, {'alternative_cue': 'rest', 'alternative_cue_novel_associations': ['sleep', 'bed'], 'num_alternative_cue_novel_associations': 2}, {'alternative_cue': 'pajamas', 'alternative_cue_novel_associations': ['sleep', 'bed'], 'num_alternative_cue_novel_associations': 2}, {'alternative_cue': 'lay down', 'alternative_cue_novel_associations': ['sleep', 'bed'], 'num_alternative_cue_novel_associations': 2}, {'alternative_cue': 'laid', 'alternative_cue_novel_associations': ['sleep', 'bed'], 'num_alternative_cue_novel_associations': 2}, {'alternative_cue': 'laying', 'alternative_cue_novel_associations': ['sleep', 'bed'], 'num_alternative_cue_novel_associations': 2}, {'alternative_cue': 'sleeping pill', 'alternative_cue_novel_associations': ['sleep', 'bed'], 'num_alternative_cue_novel_associations': 2}, {'alternative_cue': 'blankets', 'alternative_cue_novel_associations': ['sleep', 'bed'], 'num_alternative_cue_novel_associations': 2}, {'alternative_cue': 'nightgown', 'alternative_cue_novel_associations': ['sleep', 'bed'], 'num_alternative_cue_novel_associations': 2}, {'alternative_cue': 'dreaming', 'alternative_cue_novel_associations': ['sleep', 'bed'], 'num_alternative_cue_novel_associations': 2}, {'alternative_cue': 'pyjamas', 'alternative_cue_novel_associations': ['sleep', 'bed'], 'num_alternative_cue_novel_associations': 2}, {'alternative_cue': 'bedsheets', 'alternative_cue_novel_associations': ['sleep', 'bed'], 'num_alternative_cue_novel_associations': 2}, {'alternative_cue': 'bedding', 'alternative_cue_novel_associations': ['sleep', 'bed'], 'num_alternative_cue_novel_associations': 2}, {'alternative_cue': 'sheets', 'alternative_cue_novel_associations': ['sleep', 'bed'], 'num_alternative_cue_novel_associations': 2}]","[['sleep', 'bed']]","['bed', 'sleep', 'wake']","['wake', 'sleep', 'bed']",4,6
36,makeup,48,4.45,eyes,42,4.85,,,,,,,mascara,133,"[""makeup"", ""eyes""]",4,2,45,"[""baseball"", ""haystack"", ""husk"", ""piano""]","[4, 5]","[""husk"", ""piano"", ""haystack"", ""baseball"", ""makeup"", ""eyes""]",0,[],[],"['eyes', 'makeup', 'mascara']","['mascara', 'makeup', 'eyes']",1,6
37,diamond,27,4.89,skin,12,4.79,,,,,,,flawless,105,"[""diamond"", ""skin""]",4,2,19.5,"[""crowd"", ""teddy"", ""crust"", ""tin""]","[3, 2]","[""crowd"", ""teddy"", ""skin"", ""diamond"", ""tin"", ""crust""]",0,[],[],"['diamond', 'flawless', 'skin']","['flawless', 'diamond', 'skin']",1,6
38,child,52,4.78,pet,11,4.71,,,,,,,adopt,78,"[""child"", ""pet""]",4,2,31.5,"[""shave"", ""limo"", ""floss"", ""typewriter""]","[4, 0]","[""pet"", ""floss"", ""shave"", ""limo"", ""child"", ""typewriter""]",0,[],[],"['adopt', 'child', 'pet']","['adopt', 'child', 'pet']",1,6
39,road,26,4.75,goose,18,4.81,,,,,,,bumps,63,"[""road"", ""goose""]",4,2,22,"[""homework"", ""air force"", ""weed"", ""morse code""]","[0, 4]","[""road"", ""homework"", ""air force"", ""weed"", ""goose"", ""morse code""]",0,[],[],"['bumps', 'goose', 'road']","['bumps', 'road', 'goose']",1,6
